-- MySQL dump 10.13  Distrib 5.7.17, for Win64 (x86_64)
--
-- Host: localhost    Database: mydb
-- ------------------------------------------------------
-- Server version	5.7.19-log

/*!40101 SET @OLD_CHARACTER_SET_CLIENT=@@CHARACTER_SET_CLIENT */;
/*!40101 SET @OLD_CHARACTER_SET_RESULTS=@@CHARACTER_SET_RESULTS */;
/*!40101 SET @OLD_COLLATION_CONNECTION=@@COLLATION_CONNECTION */;
/*!40101 SET NAMES utf8 */;
/*!40103 SET @OLD_TIME_ZONE=@@TIME_ZONE */;
/*!40103 SET TIME_ZONE='+00:00' */;
/*!40014 SET @OLD_UNIQUE_CHECKS=@@UNIQUE_CHECKS, UNIQUE_CHECKS=0 */;
/*!40014 SET @OLD_FOREIGN_KEY_CHECKS=@@FOREIGN_KEY_CHECKS, FOREIGN_KEY_CHECKS=0 */;
/*!40101 SET @OLD_SQL_MODE=@@SQL_MODE, SQL_MODE='NO_AUTO_VALUE_ON_ZERO' */;
/*!40111 SET @OLD_SQL_NOTES=@@SQL_NOTES, SQL_NOTES=0 */;

--
-- Table structure for table `employee`
--

DROP TABLE IF EXISTS `employee`;
/*!40101 SET @saved_cs_client     = @@character_set_client */;
/*!40101 SET character_set_client = utf8 */;
CREATE TABLE `employee` (
  `ID` int(10) unsigned NOT NULL AUTO_INCREMENT,
  `FirstName` varchar(45) NOT NULL,
  `LastName` varchar(45) NOT NULL,
  PRIMARY KEY (`ID`),
  UNIQUE KEY `ID_UNIQUE` (`ID`)
) ENGINE=InnoDB AUTO_INCREMENT=27 DEFAULT CHARSET=utf8;
/*!40101 SET character_set_client = @saved_cs_client */;

--
-- Dumping data for table `employee`
--

LOCK TABLES `employee` WRITE;
/*!40000 ALTER TABLE `employee` DISABLE KEYS */;
INSERT INTO `employee` VALUES (1,'Praxis','Kaspar'),(2,'Monica','Draper'),(3,'Amir','Waller'),(4,'Sanjaya','Hepburn'),(5,'Binay','Rios'),(6,'Shouta','Elliot'),(7,'Raimundo','Valentinov'),(8,'Chrystal','Rothschild'),(9,'Byelobog','Boerefijn'),(10,'Ruuben','Scarpa'),(11,'Sarita','Althaus'),(12,'Tzufit','Arrigucci'),(13,'Itsaso','Fabbro'),(14,'Barend','Gordon'),(15,'Ayn','Bodilsen'),(16,'Berengar','Brodie'),(17,'Karam','Quigley'),(18,'Jeannette','Moreau'),(19,'Sinéad','Calhoun'),(20,'Mahmud','Lauritz'),(21,'Blandus','Snyder'),(22,'Jafet','Gigglestar'),(23,'Miloje','Sörös'),(24,'Chloris','Cardona'),(25,'Valentína','Nervi'),(26,'new','guy');
/*!40000 ALTER TABLE `employee` ENABLE KEYS */;
UNLOCK TABLES;

--
-- Table structure for table `product`
--

DROP TABLE IF EXISTS `product`;
/*!40101 SET @saved_cs_client     = @@character_set_client */;
/*!40101 SET character_set_client = utf8 */;
CREATE TABLE `product` (
  `ID` int(10) unsigned NOT NULL AUTO_INCREMENT,
  `Name` varchar(45) NOT NULL,
  `Type` int(10) unsigned NOT NULL,
  `Price` decimal(10,2) unsigned NOT NULL,
  `Stock` int(11) NOT NULL,
  PRIMARY KEY (`ID`),
  UNIQUE KEY `ID_UNIQUE` (`ID`),
  KEY `FK_ProductType_idx` (`Type`),
  CONSTRAINT `FK_ProductType` FOREIGN KEY (`Type`) REFERENCES `producttype` (`ID`)
) ENGINE=InnoDB AUTO_INCREMENT=101 DEFAULT CHARSET=utf8;
/*!40101 SET character_set_client = @saved_cs_client */;

--
-- Dumping data for table `product`
--

LOCK TABLES `product` WRITE;
/*!40000 ALTER TABLE `product` DISABLE KEYS */;
INSERT INTO `product` VALUES (1,'Product 1',2,7.00,1),(2,'Product 2',3,28.00,52),(3,'Product 3',3,6.00,91),(4,'Product 4',3,44.00,43),(5,'Product 5',3,25.00,78),(6,'Product 6',1,38.00,16),(7,'Product 7',3,26.00,22),(8,'Product 8',2,42.00,63),(9,'Product 9',2,35.00,64),(10,'Product 10',3,36.00,15),(11,'Product 11',3,2.00,56),(12,'Product 12',2,29.00,77),(13,'Product 13',3,32.00,50),(14,'Product 14',2,50.00,35),(15,'Product 15',3,44.00,58),(16,'Product 16',3,16.00,71),(17,'Product 17',2,15.00,70),(18,'Product 18',3,50.00,33),(19,'Product 19',3,21.00,98),(20,'Product 20',2,45.00,36),(21,'Product 21',1,8.00,10),(22,'Product 22',1,26.00,15),(23,'Product 23',1,1.00,100),(24,'Product 24',2,25.00,41),(25,'Product 25',1,22.00,81),(26,'Product 26',2,13.00,51),(27,'Product 27',1,7.00,58),(28,'Product 28',1,41.00,98),(29,'Product 29',2,40.00,50),(30,'Product 30',1,25.00,18),(31,'Product 31',1,43.00,40),(32,'Product 32',2,32.00,42),(33,'Product 33',3,17.00,7),(34,'Product 34',1,23.00,46),(35,'Product 35',2,23.00,91),(36,'Product 36',1,26.00,35),(37,'Product 37',3,33.00,45),(38,'Product 38',3,28.00,41),(39,'Product 39',1,37.00,60),(40,'Product 40',3,40.00,79),(41,'Product 41',3,19.00,76),(42,'Product 42',2,20.00,13),(43,'Product 43',1,39.00,44),(44,'Product 44',1,9.00,50),(45,'Product 45',1,21.00,5),(46,'Product 46',1,13.00,72),(47,'Product 47',1,19.00,86),(48,'Product 48',3,40.00,24),(49,'Product 49',2,33.00,41),(50,'Product 50',3,26.00,43),(51,'Product 51',2,5.00,6),(52,'Product 52',1,2.00,54),(53,'Product 53',2,16.00,3),(54,'Product 54',1,14.00,59),(55,'Product 55',1,36.00,82),(56,'Product 56',3,26.00,10),(57,'Product 57',2,4.00,10),(58,'Product 58',1,46.00,98),(59,'Product 59',2,31.00,55),(60,'Product 60',2,1.00,17),(61,'Product 61',1,32.00,83),(62,'Product 62',3,5.00,50),(63,'Product 63',2,42.00,23),(64,'Product 64',2,39.00,94),(65,'Product 65',2,47.00,27),(66,'Product 66',3,11.00,4),(67,'Product 67',1,15.00,34),(68,'Product 68',3,39.00,40),(69,'Product 69',3,48.00,86),(70,'Product 70',2,35.00,32),(71,'Product 71',3,23.00,76),(72,'Product 72',2,40.00,34),(73,'Product 73',3,4.00,40),(74,'Product 74',3,19.00,39),(75,'Product 75',1,1.00,3),(76,'Product 76',1,29.00,66),(77,'Product 77',2,35.00,64),(78,'Product 78',1,32.00,62),(79,'Product 79',3,3.00,79),(80,'Product 80',2,15.00,41),(81,'Product 81',1,25.00,20),(82,'Product 82',2,48.00,76),(83,'Product 83',2,21.00,44),(84,'Product 84',2,12.00,12),(85,'Product 85',2,23.00,99),(86,'Product 86',2,2.00,6),(87,'Product 87',3,8.00,21),(88,'Product 88',2,43.00,37),(89,'Product 89',1,50.00,53),(90,'Product 90',1,4.00,43),(91,'Product 91',3,13.00,15),(92,'Product 92',1,22.00,83),(93,'Product 93',3,43.00,72),(94,'Product 94',1,39.00,15),(95,'Product 95',1,31.00,89),(96,'Product 96',3,46.00,14),(97,'Product 97',1,29.00,34),(98,'Product 98',3,44.00,50),(99,'Product 99',2,2.00,51),(100,'Product 100',2,15.00,29);
/*!40000 ALTER TABLE `product` ENABLE KEYS */;
UNLOCK TABLES;

--
-- Table structure for table `producttype`
--

DROP TABLE IF EXISTS `producttype`;
/*!40101 SET @saved_cs_client     = @@character_set_client */;
/*!40101 SET character_set_client = utf8 */;
CREATE TABLE `producttype` (
  `ID` int(10) unsigned NOT NULL,
  `Description` varchar(45) DEFAULT NULL,
  PRIMARY KEY (`ID`)
) ENGINE=InnoDB DEFAULT CHARSET=utf8;
/*!40101 SET character_set_client = @saved_cs_client */;

--
-- Dumping data for table `producttype`
--

LOCK TABLES `producttype` WRITE;
/*!40000 ALTER TABLE `producttype` DISABLE KEYS */;
INSERT INTO `producttype` VALUES (1,'Medicine'),(2,'Healthcare'),(3,'Other');
/*!40000 ALTER TABLE `producttype` ENABLE KEYS */;
UNLOCK TABLES;

--
-- Table structure for table `sale`
--

DROP TABLE IF EXISTS `sale`;
/*!40101 SET @saved_cs_client     = @@character_set_client */;
/*!40101 SET character_set_client = utf8 */;
CREATE TABLE `sale` (
  `ID` int(10) unsigned NOT NULL AUTO_INCREMENT,
  `TransactionID` int(10) unsigned DEFAULT NULL,
  `Amt` int(10) unsigned DEFAULT NULL,
  `UnitPrice` decimal(10,2) unsigned DEFAULT NULL,
  `ProductID` int(10) unsigned DEFAULT NULL,
  PRIMARY KEY (`ID`),
  UNIQUE KEY `ID_UNIQUE` (`ID`),
  KEY `FK_transaction_idx` (`TransactionID`),
  KEY `FK_Product_idx` (`ProductID`),
  CONSTRAINT `FK_Product` FOREIGN KEY (`ProductID`) REFERENCES `product` (`ID`) ON DELETE NO ACTION ON UPDATE NO ACTION,
  CONSTRAINT `FK_transaction` FOREIGN KEY (`TransactionID`) REFERENCES `transaction` (`ID`) ON DELETE NO ACTION ON UPDATE NO ACTION
) ENGINE=InnoDB AUTO_INCREMENT=1001 DEFAULT CHARSET=utf8;
/*!40101 SET character_set_client = @saved_cs_client */;

--
-- Dumping data for table `sale`
--

LOCK TABLES `sale` WRITE;
/*!40000 ALTER TABLE `sale` DISABLE KEYS */;
INSERT INTO `sale` VALUES (1,302,3,6.00,2),(2,451,3,4.00,39),(3,471,3,40.00,48),(4,51,5,19.00,77),(5,280,1,8.00,44),(6,384,4,49.00,92),(7,159,2,45.00,32),(8,406,4,5.00,25),(9,483,4,32.00,59),(10,358,2,6.00,82),(11,476,5,7.00,85),(12,381,5,15.00,100),(13,335,5,38.00,82),(14,60,5,36.00,87),(15,146,1,8.00,28),(16,230,2,13.00,14),(17,460,2,8.00,4),(18,126,2,23.00,42),(19,478,4,18.00,89),(20,153,2,47.00,44),(21,303,1,21.00,39),(22,383,1,46.00,93),(23,385,1,28.00,37),(24,292,4,12.00,67),(25,35,4,6.00,79),(26,22,5,3.00,5),(27,311,5,1.00,87),(28,338,1,38.00,49),(29,224,5,50.00,92),(30,198,3,39.00,98),(31,31,1,33.00,62),(32,14,5,22.00,34),(33,200,5,18.00,20),(34,242,2,46.00,79),(35,422,2,8.00,25),(36,417,3,10.00,40),(37,197,2,25.00,86),(38,20,3,46.00,31),(39,18,4,29.00,77),(40,141,5,8.00,74),(41,489,2,38.00,27),(42,261,3,18.00,97),(43,425,5,13.00,46),(44,372,2,12.00,29),(45,93,5,37.00,73),(46,350,1,36.00,50),(47,389,2,41.00,49),(48,140,5,9.00,96),(49,367,2,46.00,66),(50,397,3,11.00,5),(51,257,3,32.00,55),(52,4,3,2.00,83),(53,11,5,6.00,20),(54,481,1,13.00,76),(55,432,5,35.00,69),(56,141,2,7.00,67),(57,116,3,35.00,87),(58,76,3,16.00,26),(59,500,2,20.00,82),(60,167,3,11.00,48),(61,366,1,25.00,50),(62,408,5,45.00,14),(63,375,5,40.00,100),(64,326,1,25.00,7),(65,242,4,48.00,74),(66,451,4,22.00,31),(67,474,3,34.00,84),(68,354,3,19.00,59),(69,33,5,14.00,19),(70,52,1,13.00,93),(71,460,2,8.00,19),(72,412,4,41.00,94),(73,318,1,42.00,90),(74,68,4,39.00,32),(75,93,4,12.00,94),(76,407,1,42.00,41),(77,399,3,20.00,71),(78,454,1,44.00,78),(79,319,4,31.00,9),(80,433,4,34.00,98),(81,497,5,13.00,45),(82,261,2,4.00,61),(83,348,5,3.00,88),(84,305,5,17.00,66),(85,58,3,7.00,64),(86,240,3,45.00,50),(87,403,2,29.00,14),(88,154,2,7.00,17),(89,317,4,8.00,59),(90,467,2,15.00,52),(91,311,3,19.00,27),(92,452,3,26.00,39),(93,300,3,45.00,45),(94,494,2,30.00,45),(95,331,1,46.00,78),(96,7,2,39.00,85),(97,337,4,22.00,56),(98,329,3,24.00,50),(99,126,2,10.00,84),(100,433,4,15.00,68),(101,319,1,6.00,78),(102,455,4,1.00,31),(103,353,5,26.00,80),(104,163,4,3.00,99),(105,278,1,21.00,89),(106,89,4,25.00,73),(107,459,4,7.00,60),(108,213,4,12.00,44),(109,437,4,24.00,87),(110,154,4,44.00,72),(111,109,5,30.00,9),(112,178,2,2.00,40),(113,326,3,42.00,12),(114,390,3,9.00,67),(115,285,2,3.00,78),(116,191,1,42.00,88),(117,223,4,2.00,6),(118,348,5,8.00,95),(119,447,3,19.00,28),(120,172,2,23.00,71),(121,119,3,34.00,68),(122,431,1,33.00,82),(123,260,1,25.00,93),(124,116,5,27.00,26),(125,117,1,6.00,56),(126,283,1,8.00,21),(127,22,3,23.00,35),(128,178,3,3.00,63),(129,416,2,49.00,34),(130,128,2,5.00,8),(131,14,1,8.00,66),(132,150,3,45.00,98),(133,91,4,12.00,26),(134,458,2,32.00,76),(135,47,2,33.00,63),(136,133,2,9.00,99),(137,481,3,18.00,92),(138,483,1,47.00,14),(139,140,1,49.00,24),(140,305,2,45.00,93),(141,23,4,20.00,55),(142,96,3,40.00,68),(143,382,3,45.00,72),(144,310,5,21.00,98),(145,372,3,26.00,7),(146,62,2,29.00,12),(147,103,1,45.00,70),(148,23,2,22.00,52),(149,114,5,10.00,84),(150,320,2,15.00,63),(151,125,4,11.00,41),(152,83,5,17.00,8),(153,479,5,5.00,36),(154,103,4,6.00,25),(155,414,1,39.00,64),(156,186,5,20.00,8),(157,61,4,26.00,91),(158,56,2,17.00,25),(159,223,5,27.00,96),(160,116,2,31.00,23),(161,119,4,12.00,22),(162,404,4,36.00,66),(163,175,5,36.00,15),(164,106,1,3.00,27),(165,460,3,33.00,84),(166,373,3,10.00,83),(167,251,4,45.00,33),(168,325,4,8.00,39),(169,184,1,38.00,35),(170,276,3,15.00,15),(171,109,3,12.00,87),(172,239,1,40.00,76),(173,308,3,27.00,3),(174,318,2,18.00,72),(175,470,2,35.00,7),(176,349,4,2.00,44),(177,201,1,11.00,69),(178,206,1,12.00,48),(179,271,5,44.00,51),(180,393,2,27.00,84),(181,387,3,37.00,8),(182,311,5,44.00,93),(183,426,1,9.00,96),(184,211,4,41.00,80),(185,482,5,22.00,59),(186,407,4,21.00,2),(187,191,2,42.00,80),(188,111,3,40.00,10),(189,1,3,8.00,1),(190,141,5,45.00,86),(191,381,5,2.00,86),(192,279,2,2.00,4),(193,259,2,43.00,35),(194,279,2,7.00,60),(195,222,4,34.00,44),(196,346,5,18.00,72),(197,368,4,33.00,11),(198,48,5,2.00,63),(199,261,5,14.00,16),(200,483,5,21.00,36),(201,88,2,14.00,83),(202,464,5,45.00,10),(203,427,2,27.00,13),(204,383,5,15.00,40),(205,432,4,32.00,41),(206,463,1,38.00,87),(207,70,2,40.00,84),(208,80,4,33.00,89),(209,205,2,19.00,19),(210,312,2,24.00,63),(211,267,4,14.00,34),(212,187,2,10.00,37),(213,32,4,40.00,67),(214,212,2,21.00,25),(215,409,1,46.00,94),(216,308,1,43.00,8),(217,97,4,5.00,42),(218,379,1,11.00,100),(219,404,5,49.00,30),(220,443,2,29.00,21),(221,355,1,13.00,58),(222,210,5,8.00,56),(223,159,1,33.00,16),(224,342,2,23.00,33),(225,499,2,2.00,78),(226,372,3,18.00,98),(227,21,5,38.00,90),(228,378,4,39.00,3),(229,171,4,29.00,46),(230,337,1,38.00,37),(231,166,5,44.00,49),(232,253,4,26.00,91),(233,425,5,28.00,62),(234,441,2,28.00,97),(235,475,4,48.00,24),(236,81,1,26.00,5),(237,452,2,42.00,94),(238,259,1,7.00,100),(239,377,5,19.00,79),(240,11,4,13.00,99),(241,233,5,21.00,48),(242,144,1,18.00,98),(243,269,5,38.00,63),(244,466,4,4.00,21),(245,342,4,43.00,95),(246,278,2,9.00,59),(247,314,2,28.00,68),(248,195,1,46.00,77),(249,312,2,19.00,13),(250,161,5,48.00,71),(251,228,2,50.00,77),(252,314,1,35.00,4),(253,267,5,10.00,55),(254,30,2,6.00,3),(255,134,1,13.00,65),(256,322,4,38.00,47),(257,319,1,3.00,40),(258,59,1,48.00,28),(259,87,5,5.00,23),(260,73,2,12.00,45),(261,247,1,38.00,30),(262,353,5,33.00,64),(263,20,1,15.00,54),(264,399,2,15.00,33),(265,364,2,21.00,26),(266,268,3,43.00,50),(267,395,5,13.00,36),(268,69,4,35.00,25),(269,362,3,13.00,14),(270,463,1,26.00,62),(271,243,2,17.00,85),(272,420,3,14.00,25),(273,166,2,29.00,67),(274,162,1,34.00,38),(275,311,4,29.00,85),(276,229,3,1.00,36),(277,404,4,26.00,9),(278,269,5,48.00,69),(279,13,4,18.00,30),(280,91,4,30.00,96),(281,53,5,6.00,68),(282,411,1,25.00,58),(283,287,5,24.00,60),(284,418,2,45.00,38),(285,211,4,17.00,69),(286,96,5,5.00,79),(287,44,3,9.00,82),(288,368,4,28.00,55),(289,225,5,13.00,38),(290,98,5,10.00,17),(291,409,5,3.00,82),(292,105,3,3.00,41),(293,349,4,26.00,32),(294,355,2,21.00,95),(295,174,4,31.00,96),(296,184,5,50.00,96),(297,14,2,24.00,36),(298,213,2,19.00,11),(299,423,1,35.00,13),(300,261,5,19.00,43),(301,75,5,7.00,14),(302,395,2,15.00,33),(303,94,1,21.00,84),(304,201,2,46.00,25),(305,320,3,10.00,21),(306,321,1,41.00,30),(307,14,1,29.00,85),(308,119,1,15.00,55),(309,342,4,23.00,66),(310,399,1,30.00,94),(311,324,5,22.00,78),(312,103,2,21.00,57),(313,422,1,19.00,72),(314,28,1,19.00,2),(315,391,5,18.00,79),(316,485,5,16.00,46),(317,325,4,23.00,17),(318,155,3,13.00,11),(319,81,5,39.00,38),(320,485,3,42.00,21),(321,139,3,36.00,66),(322,137,5,24.00,62),(323,126,3,13.00,69),(324,157,5,45.00,32),(325,37,3,49.00,90),(326,124,5,24.00,53),(327,302,4,20.00,59),(328,90,1,40.00,78),(329,217,5,37.00,2),(330,317,4,3.00,71),(331,465,2,6.00,81),(332,366,2,38.00,24),(333,14,2,22.00,28),(334,161,1,3.00,56),(335,241,1,25.00,27),(336,8,4,32.00,5),(337,146,2,17.00,93),(338,95,1,16.00,57),(339,137,3,41.00,65),(340,78,1,45.00,21),(341,404,5,48.00,34),(342,50,3,15.00,64),(343,264,5,21.00,59),(344,458,5,2.00,62),(345,431,2,21.00,23),(346,207,3,2.00,90),(347,23,4,4.00,37),(348,197,3,44.00,8),(349,388,5,33.00,92),(350,142,1,27.00,51),(351,12,4,5.00,58),(352,274,1,38.00,92),(353,55,1,34.00,29),(354,374,5,3.00,19),(355,262,3,44.00,70),(356,308,1,19.00,30),(357,435,5,5.00,63),(358,370,5,3.00,46),(359,491,2,34.00,7),(360,24,2,36.00,12),(361,393,4,21.00,52),(362,7,2,40.00,53),(363,200,2,2.00,49),(364,281,2,41.00,3),(365,15,5,7.00,78),(366,285,3,29.00,13),(367,25,1,44.00,14),(368,191,1,30.00,88),(369,479,4,36.00,63),(370,19,4,8.00,37),(371,429,3,27.00,20),(372,265,5,10.00,57),(373,457,4,23.00,34),(374,218,3,6.00,63),(375,199,2,17.00,43),(376,384,4,6.00,92),(377,462,4,17.00,64),(378,490,1,30.00,34),(379,290,4,44.00,65),(380,19,5,6.00,33),(381,407,1,8.00,17),(382,490,5,11.00,55),(383,183,3,41.00,84),(384,112,4,6.00,92),(385,275,4,14.00,45),(386,76,2,44.00,97),(387,259,5,12.00,70),(388,292,4,29.00,70),(389,147,5,47.00,74),(390,372,2,21.00,4),(391,98,4,13.00,99),(392,263,2,11.00,57),(393,335,4,38.00,82),(394,437,4,47.00,32),(395,17,3,29.00,5),(396,105,1,49.00,60),(397,132,1,21.00,61),(398,367,4,32.00,72),(399,66,2,45.00,38),(400,425,3,22.00,41),(401,37,3,9.00,15),(402,464,1,3.00,17),(403,333,2,30.00,95),(404,376,2,34.00,62),(405,113,5,45.00,25),(406,177,5,34.00,73),(407,29,4,21.00,42),(408,118,2,19.00,29),(409,220,2,11.00,97),(410,234,4,37.00,45),(411,45,3,6.00,96),(412,148,4,16.00,20),(413,174,4,40.00,17),(414,275,4,16.00,57),(415,228,5,10.00,53),(416,194,5,28.00,17),(417,77,2,44.00,77),(418,307,5,35.00,15),(419,206,4,36.00,44),(420,271,4,22.00,18),(421,124,5,9.00,52),(422,317,5,24.00,31),(423,193,3,17.00,45),(424,232,1,6.00,9),(425,316,1,46.00,34),(426,387,3,7.00,75),(427,456,4,32.00,43),(428,447,2,34.00,86),(429,377,5,45.00,89),(430,174,3,18.00,53),(431,124,5,15.00,34),(432,140,2,7.00,36),(433,350,2,4.00,98),(434,341,4,35.00,7),(435,425,2,3.00,74),(436,11,2,13.00,93),(437,213,4,15.00,45),(438,487,2,40.00,18),(439,399,1,41.00,52),(440,11,1,34.00,74),(441,77,2,39.00,22),(442,74,3,17.00,3),(443,248,4,38.00,75),(444,453,3,10.00,34),(445,153,5,38.00,60),(446,416,5,14.00,40),(447,436,1,19.00,71),(448,243,2,12.00,51),(449,369,1,17.00,1),(450,93,5,3.00,17),(451,485,1,10.00,4),(452,89,4,37.00,9),(453,469,1,33.00,78),(454,484,5,12.00,84),(455,164,3,39.00,20),(456,223,4,30.00,39),(457,450,3,47.00,83),(458,137,4,14.00,76),(459,202,5,31.00,32),(460,339,2,34.00,52),(461,123,5,29.00,100),(462,494,4,29.00,35),(463,478,2,48.00,76),(464,53,1,13.00,49),(465,179,3,3.00,75),(466,460,5,38.00,37),(467,359,2,18.00,2),(468,239,5,5.00,78),(469,431,3,14.00,5),(470,367,5,43.00,13),(471,178,5,48.00,36),(472,101,1,35.00,21),(473,415,5,18.00,71),(474,99,4,19.00,23),(475,408,2,40.00,2),(476,44,1,3.00,5),(477,270,2,10.00,35),(478,170,4,11.00,74),(479,293,5,9.00,55),(480,177,5,11.00,28),(481,150,2,10.00,64),(482,495,3,6.00,30),(483,60,3,28.00,85),(484,492,2,44.00,45),(485,392,5,8.00,63),(486,329,4,32.00,51),(487,33,1,29.00,29),(488,190,1,6.00,11),(489,205,1,6.00,47),(490,3,4,18.00,32),(491,125,5,36.00,43),(492,267,1,20.00,34),(493,346,4,19.00,72),(494,309,4,8.00,67),(495,331,3,11.00,100),(496,49,5,30.00,79),(497,375,4,40.00,40),(498,147,5,18.00,7),(499,100,2,8.00,95),(500,491,2,11.00,4),(501,390,2,46.00,60),(502,227,1,49.00,36),(503,423,3,40.00,39),(504,255,5,32.00,32),(505,82,3,33.00,3),(506,274,5,6.00,29),(507,364,5,14.00,7),(508,445,3,17.00,94),(509,28,3,10.00,76),(510,10,4,42.00,86),(511,138,5,28.00,71),(512,53,4,11.00,10),(513,3,4,26.00,14),(514,207,5,24.00,31),(515,253,4,40.00,63),(516,158,5,4.00,47),(517,328,4,38.00,18),(518,134,5,38.00,62),(519,178,2,32.00,30),(520,435,3,28.00,54),(521,305,3,11.00,26),(522,195,3,41.00,35),(523,477,5,50.00,2),(524,470,5,42.00,55),(525,305,1,5.00,32),(526,193,1,11.00,40),(527,150,3,35.00,81),(528,29,4,44.00,20),(529,353,1,41.00,83),(530,442,2,9.00,2),(531,298,4,45.00,43),(532,352,3,8.00,49),(533,236,3,7.00,4),(534,21,1,28.00,12),(535,40,2,42.00,9),(536,172,2,21.00,9),(537,166,1,33.00,7),(538,145,3,19.00,17),(539,297,2,21.00,72),(540,27,4,34.00,19),(541,227,4,42.00,28),(542,264,2,12.00,98),(543,7,4,12.00,95),(544,165,4,30.00,20),(545,249,5,23.00,9),(546,350,4,27.00,99),(547,51,4,46.00,31),(548,32,5,40.00,35),(549,23,5,48.00,15),(550,478,5,34.00,8),(551,377,3,48.00,20),(552,210,5,12.00,30),(553,71,1,29.00,13),(554,201,3,45.00,45),(555,325,4,24.00,86),(556,45,3,3.00,95),(557,84,4,10.00,48),(558,5,1,39.00,90),(559,170,5,25.00,30),(560,490,2,6.00,27),(561,202,2,37.00,94),(562,35,3,26.00,9),(563,335,1,15.00,81),(564,287,3,13.00,37),(565,125,3,7.00,45),(566,121,5,9.00,24),(567,259,5,45.00,13),(568,229,3,2.00,20),(569,411,2,22.00,80),(570,176,1,1.00,34),(571,58,2,12.00,12),(572,24,3,30.00,21),(573,365,2,35.00,48),(574,190,4,28.00,30),(575,309,2,27.00,48),(576,183,5,47.00,1),(577,48,2,31.00,84),(578,227,5,44.00,27),(579,306,3,49.00,86),(580,212,2,20.00,7),(581,271,5,25.00,95),(582,390,2,15.00,8),(583,346,4,5.00,93),(584,252,3,32.00,80),(585,386,5,22.00,28),(586,491,5,16.00,52),(587,312,4,36.00,58),(588,131,5,48.00,89),(589,451,1,13.00,88),(590,257,1,4.00,95),(591,35,4,10.00,92),(592,296,4,13.00,97),(593,282,1,26.00,73),(594,152,5,35.00,30),(595,321,1,20.00,87),(596,418,1,48.00,9),(597,289,3,5.00,76),(598,411,2,23.00,4),(599,366,1,3.00,65),(600,221,5,37.00,71),(601,284,5,43.00,89),(602,177,5,7.00,71),(603,128,3,7.00,49),(604,432,5,34.00,27),(605,57,2,30.00,53),(606,423,5,42.00,18),(607,465,1,44.00,21),(608,181,2,4.00,91),(609,131,1,14.00,100),(610,109,1,18.00,60),(611,164,1,10.00,24),(612,397,5,43.00,35),(613,337,4,41.00,43),(614,205,1,47.00,81),(615,285,3,35.00,99),(616,265,2,42.00,11),(617,117,1,50.00,35),(618,28,3,37.00,41),(619,389,2,4.00,7),(620,433,5,36.00,14),(621,424,4,10.00,39),(622,29,2,29.00,7),(623,332,1,9.00,88),(624,273,3,4.00,15),(625,67,1,17.00,46),(626,145,4,40.00,94),(627,172,5,8.00,41),(628,191,5,22.00,43),(629,393,5,43.00,24),(630,34,2,26.00,18),(631,254,3,41.00,31),(632,245,1,23.00,20),(633,467,5,6.00,66),(634,264,4,3.00,12),(635,294,4,14.00,100),(636,297,5,10.00,25),(637,367,4,38.00,52),(638,346,5,6.00,23),(639,187,5,17.00,29),(640,177,1,50.00,9),(641,393,2,25.00,97),(642,473,2,49.00,14),(643,244,2,19.00,88),(644,224,4,24.00,56),(645,214,5,32.00,63),(646,103,1,38.00,75),(647,111,2,31.00,51),(648,272,5,10.00,2),(649,108,2,16.00,62),(650,258,1,17.00,40),(651,294,2,32.00,8),(652,146,5,43.00,86),(653,169,1,3.00,28),(654,33,3,1.00,11),(655,181,2,44.00,68),(656,400,2,35.00,80),(657,116,1,49.00,2),(658,435,4,47.00,26),(659,393,1,45.00,28),(660,116,5,32.00,4),(661,367,2,38.00,31),(662,444,3,37.00,15),(663,315,1,18.00,60),(664,306,2,39.00,14),(665,484,4,37.00,19),(666,223,2,38.00,23),(667,86,3,14.00,31),(668,381,1,42.00,36),(669,452,2,26.00,42),(670,97,4,43.00,5),(671,176,4,50.00,54),(672,51,1,6.00,37),(673,92,2,5.00,84),(674,321,2,42.00,99),(675,28,2,44.00,54),(676,5,1,26.00,42),(677,60,4,28.00,52),(678,494,1,21.00,60),(679,190,1,23.00,36),(680,452,3,48.00,31),(681,184,4,32.00,73),(682,246,5,27.00,47),(683,487,1,4.00,58),(684,369,5,2.00,50),(685,446,2,37.00,42),(686,341,5,41.00,36),(687,161,5,11.00,71),(688,287,2,45.00,7),(689,449,3,4.00,87),(690,432,1,15.00,57),(691,213,3,2.00,53),(692,154,2,19.00,80),(693,421,2,31.00,29),(694,178,4,18.00,25),(695,73,5,49.00,32),(696,287,3,14.00,65),(697,437,1,46.00,77),(698,169,4,43.00,42),(699,20,1,37.00,76),(700,186,2,5.00,29),(701,82,5,25.00,66),(702,459,3,46.00,91),(703,259,2,35.00,66),(704,206,1,48.00,45),(705,467,3,5.00,29),(706,98,1,21.00,7),(707,142,3,16.00,76),(708,88,5,14.00,54),(709,9,2,22.00,17),(710,288,2,40.00,52),(711,40,3,11.00,65),(712,75,2,24.00,2),(713,217,5,26.00,16),(714,283,2,29.00,7),(715,143,4,7.00,75),(716,488,4,46.00,31),(717,175,2,30.00,64),(718,463,2,1.00,89),(719,156,1,37.00,50),(720,252,2,44.00,20),(721,254,5,32.00,35),(722,387,2,11.00,50),(723,77,3,41.00,10),(724,489,3,30.00,16),(725,226,4,24.00,29),(726,72,5,25.00,51),(727,259,3,6.00,62),(728,244,1,24.00,89),(729,161,5,38.00,54),(730,255,2,25.00,68),(731,454,1,31.00,18),(732,15,2,16.00,70),(733,179,1,15.00,2),(734,481,2,31.00,14),(735,57,2,12.00,86),(736,85,3,31.00,11),(737,412,4,15.00,95),(738,63,2,47.00,49),(739,289,4,44.00,95),(740,447,5,18.00,5),(741,295,3,28.00,92),(742,146,4,6.00,67),(743,266,1,13.00,70),(744,474,2,20.00,48),(745,88,2,36.00,96),(746,18,1,7.00,77),(747,210,5,12.00,57),(748,275,1,26.00,38),(749,485,1,41.00,24),(750,8,5,28.00,49),(751,5,5,34.00,3),(752,189,5,30.00,97),(753,49,3,37.00,79),(754,146,2,34.00,38),(755,455,5,35.00,90),(756,417,5,35.00,16),(757,181,1,30.00,84),(758,174,3,21.00,83),(759,359,5,5.00,90),(760,83,2,3.00,42),(761,370,2,33.00,59),(762,339,2,6.00,40),(763,375,4,44.00,1),(764,425,3,41.00,97),(765,32,2,42.00,57),(766,233,3,17.00,75),(767,136,2,48.00,24),(768,48,4,34.00,75),(769,268,5,5.00,46),(770,358,1,49.00,90),(771,496,4,50.00,92),(772,73,4,16.00,48),(773,89,5,4.00,59),(774,214,5,28.00,98),(775,61,1,36.00,1),(776,276,4,31.00,7),(777,204,1,42.00,46),(778,262,1,33.00,91),(779,397,4,15.00,70),(780,80,3,47.00,77),(781,279,2,34.00,75),(782,218,1,13.00,100),(783,414,3,31.00,5),(784,65,4,18.00,74),(785,470,2,36.00,12),(786,382,2,43.00,65),(787,101,2,37.00,74),(788,92,5,14.00,68),(789,137,2,42.00,2),(790,190,1,44.00,48),(791,79,2,3.00,41),(792,360,1,33.00,73),(793,38,2,45.00,34),(794,456,2,6.00,46),(795,25,1,43.00,75),(796,102,5,27.00,61),(797,144,4,2.00,85),(798,494,2,30.00,8),(799,245,4,32.00,81),(800,483,2,40.00,92),(801,449,1,10.00,77),(802,405,3,22.00,85),(803,47,3,26.00,2),(804,297,1,23.00,2),(805,193,2,14.00,55),(806,71,3,45.00,81),(807,165,5,37.00,42),(808,427,1,15.00,90),(809,321,4,37.00,75),(810,487,3,31.00,61),(811,226,4,25.00,47),(812,263,2,8.00,38),(813,388,4,16.00,93),(814,171,5,27.00,92),(815,127,4,20.00,70),(816,68,5,47.00,39),(817,256,2,7.00,4),(818,317,4,27.00,87),(819,384,5,29.00,53),(820,391,5,18.00,85),(821,477,1,47.00,37),(822,404,2,15.00,5),(823,114,3,11.00,34),(824,242,1,39.00,2),(825,187,5,10.00,75),(826,444,1,40.00,7),(827,448,2,19.00,56),(828,283,1,36.00,96),(829,107,4,33.00,92),(830,256,5,17.00,66),(831,1,2,3.00,83),(832,244,1,10.00,31),(833,67,5,47.00,79),(834,412,4,25.00,91),(835,9,4,4.00,69),(836,140,3,8.00,88),(837,351,1,48.00,31),(838,483,4,44.00,20),(839,37,3,27.00,78),(840,347,3,26.00,61),(841,474,4,14.00,59),(842,22,4,49.00,9),(843,154,3,7.00,93),(844,365,1,47.00,30),(845,437,3,15.00,99),(846,333,2,35.00,76),(847,210,4,8.00,36),(848,302,2,35.00,94),(849,30,2,18.00,49),(850,241,4,42.00,72),(851,449,1,9.00,95),(852,124,4,7.00,21),(853,390,3,32.00,82),(854,6,1,15.00,92),(855,132,5,32.00,16),(856,366,4,33.00,8),(857,272,4,46.00,25),(858,13,5,35.00,69),(859,244,1,30.00,35),(860,294,2,48.00,91),(861,486,2,47.00,26),(862,188,4,35.00,68),(863,65,4,18.00,28),(864,242,3,46.00,94),(865,98,1,9.00,41),(866,445,4,26.00,79),(867,442,4,20.00,65),(868,80,5,47.00,18),(869,156,5,47.00,80),(870,389,1,37.00,33),(871,21,2,32.00,6),(872,428,5,13.00,17),(873,485,1,29.00,93),(874,226,2,31.00,45),(875,455,2,14.00,30),(876,420,4,38.00,70),(877,8,4,9.00,28),(878,393,1,39.00,98),(879,98,1,47.00,95),(880,74,1,44.00,26),(881,305,4,15.00,6),(882,197,1,48.00,41),(883,385,2,15.00,84),(884,179,5,46.00,21),(885,466,2,12.00,94),(886,346,5,5.00,91),(887,432,5,35.00,49),(888,475,4,14.00,23),(889,337,3,28.00,80),(890,329,3,47.00,24),(891,145,4,31.00,66),(892,122,5,4.00,34),(893,473,3,28.00,3),(894,165,4,7.00,57),(895,411,3,41.00,22),(896,343,3,14.00,96),(897,379,5,39.00,72),(898,418,2,27.00,100),(899,51,5,25.00,52),(900,44,5,25.00,93),(901,278,5,44.00,17),(902,218,2,11.00,81),(903,60,4,17.00,10),(904,198,5,25.00,30),(905,218,5,31.00,50),(906,212,1,25.00,100),(907,390,3,37.00,26),(908,370,1,47.00,47),(909,109,2,28.00,54),(910,65,4,9.00,35),(911,251,5,37.00,3),(912,122,4,37.00,30),(913,274,2,7.00,81),(914,102,5,20.00,21),(915,379,4,33.00,44),(916,431,1,21.00,60),(917,181,3,10.00,56),(918,109,1,2.00,9),(919,253,2,9.00,18),(920,389,5,36.00,84),(921,374,4,49.00,12),(922,451,5,12.00,49),(923,470,2,3.00,72),(924,371,3,2.00,13),(925,208,2,4.00,57),(926,428,2,10.00,12),(927,492,1,17.00,87),(928,81,1,40.00,28),(929,135,1,12.00,25),(930,370,4,9.00,34),(931,478,3,37.00,86),(932,69,1,44.00,60),(933,362,2,38.00,42),(934,173,4,32.00,4),(935,163,3,4.00,78),(936,321,1,27.00,43),(937,250,1,38.00,38),(938,373,3,35.00,32),(939,346,3,6.00,21),(940,276,3,20.00,21),(941,139,3,24.00,87),(942,110,5,34.00,59),(943,488,1,40.00,52),(944,447,2,10.00,51),(945,128,5,19.00,81),(946,365,5,38.00,75),(947,170,5,45.00,15),(948,497,5,23.00,48),(949,210,5,15.00,53),(950,393,5,7.00,96),(951,432,5,18.00,46),(952,347,3,50.00,31),(953,393,5,23.00,36),(954,390,5,23.00,66),(955,238,1,41.00,18),(956,69,3,29.00,46),(957,73,5,36.00,83),(958,463,4,49.00,49),(959,47,1,40.00,19),(960,302,3,31.00,40),(961,139,1,22.00,45),(962,274,4,14.00,74),(963,165,1,7.00,66),(964,386,3,18.00,91),(965,112,4,7.00,1),(966,63,3,22.00,20),(967,4,1,3.00,71),(968,236,4,13.00,3),(969,321,2,33.00,73),(970,156,1,17.00,47),(971,148,3,41.00,92),(972,208,1,1.00,84),(973,168,4,13.00,96),(974,166,3,12.00,93),(975,299,5,2.00,55),(976,492,2,49.00,45),(977,163,5,38.00,5),(978,481,3,8.00,75),(979,10,2,24.00,24),(980,272,5,42.00,87),(981,101,1,32.00,68),(982,288,2,8.00,80),(983,96,2,27.00,57),(984,215,2,11.00,12),(985,154,1,40.00,42),(986,432,2,26.00,96),(987,83,3,20.00,36),(988,67,1,1.00,68),(989,446,2,3.00,62),(990,14,5,18.00,58),(991,177,2,23.00,43),(992,419,3,48.00,85),(993,490,1,34.00,70),(994,370,2,16.00,15),(995,50,5,10.00,80),(996,119,4,29.00,17),(997,70,4,19.00,76),(998,349,3,16.00,26),(999,153,3,15.00,65),(1000,95,4,50.00,10);
/*!40000 ALTER TABLE `sale` ENABLE KEYS */;
UNLOCK TABLES;

--
-- Table structure for table `transaction`
--

DROP TABLE IF EXISTS `transaction`;
/*!40101 SET @saved_cs_client     = @@character_set_client */;
/*!40101 SET character_set_client = utf8 */;
CREATE TABLE `transaction` (
  `ID` int(10) unsigned NOT NULL AUTO_INCREMENT,
  `EmployeeID` int(10) unsigned NOT NULL,
  `StatusID` int(10) unsigned NOT NULL,
  `Date` datetime NOT NULL,
  PRIMARY KEY (`ID`),
  UNIQUE KEY `ID_UNIQUE` (`ID`),
  KEY `FK_Employee_idx` (`EmployeeID`),
  KEY `FK_TransactionStatus_idx` (`StatusID`),
  CONSTRAINT `FK_Employee` FOREIGN KEY (`EmployeeID`) REFERENCES `employee` (`ID`) ON DELETE NO ACTION ON UPDATE NO ACTION,
  CONSTRAINT `FK_TransactionStatus` FOREIGN KEY (`StatusID`) REFERENCES `transactionstatus` (`ID`) ON DELETE NO ACTION ON UPDATE NO ACTION
) ENGINE=InnoDB AUTO_INCREMENT=501 DEFAULT CHARSET=utf8;
/*!40101 SET character_set_client = @saved_cs_client */;

--
-- Dumping data for table `transaction`
--

LOCK TABLES `transaction` WRITE;
/*!40000 ALTER TABLE `transaction` DISABLE KEYS */;
INSERT INTO `transaction` VALUES (1,23,1,'2017-10-01 00:00:00'),(2,19,1,'2017-10-01 00:00:00'),(3,13,1,'2017-10-01 00:00:00'),(4,4,1,'2017-10-01 00:00:00'),(5,16,1,'2017-10-01 00:00:00'),(6,10,1,'2017-10-01 00:00:00'),(7,20,1,'2017-10-01 00:00:00'),(8,13,1,'2017-10-01 00:00:00'),(9,17,1,'2017-10-01 00:00:00'),(10,13,1,'2017-10-01 00:00:00'),(11,14,1,'2017-10-01 00:00:00'),(12,9,1,'2017-10-01 00:00:00'),(13,24,1,'2017-10-01 00:00:00'),(14,1,1,'2017-10-01 00:00:00'),(15,5,1,'2017-10-01 00:00:00'),(16,23,1,'2017-10-01 00:00:00'),(17,6,1,'2017-10-01 00:00:00'),(18,16,1,'2017-10-01 00:00:00'),(19,13,1,'2017-10-01 00:00:00'),(20,19,1,'2017-10-01 00:00:00'),(21,18,1,'2017-10-01 00:00:00'),(22,13,1,'2017-10-01 00:00:00'),(23,1,1,'2017-10-01 00:00:00'),(24,10,1,'2017-10-01 00:00:00'),(25,16,1,'2017-10-01 00:00:00'),(26,25,1,'2017-10-01 00:00:00'),(27,14,1,'2017-10-01 00:00:00'),(28,20,1,'2017-10-01 00:00:00'),(29,11,1,'2017-10-01 00:00:00'),(30,1,1,'2017-10-01 00:00:00'),(31,20,1,'2017-10-01 00:00:00'),(32,12,1,'2017-10-01 00:00:00'),(33,14,1,'2017-10-01 00:00:00'),(34,24,1,'2017-10-01 00:00:00'),(35,18,1,'2017-10-01 00:00:00'),(36,20,1,'2017-10-01 00:00:00'),(37,20,1,'2017-10-01 00:00:00'),(38,20,1,'2017-10-01 00:00:00'),(39,3,1,'2017-10-01 00:00:00'),(40,15,1,'2017-10-01 00:00:00'),(41,3,1,'2017-10-01 00:00:00'),(42,11,1,'2017-10-01 00:00:00'),(43,25,1,'2017-10-01 00:00:00'),(44,23,1,'2017-10-01 00:00:00'),(45,16,1,'2017-10-01 00:00:00'),(46,19,1,'2017-10-01 00:00:00'),(47,15,1,'2017-10-01 00:00:00'),(48,4,1,'2017-10-01 00:00:00'),(49,16,1,'2017-10-01 00:00:00'),(50,25,1,'2017-10-01 00:00:00'),(51,25,1,'2017-10-01 00:00:00'),(52,2,1,'2017-10-01 00:00:00'),(53,13,1,'2017-10-01 00:00:00'),(54,3,1,'2017-10-01 00:00:00'),(55,5,1,'2017-10-01 00:00:00'),(56,10,1,'2017-10-01 00:00:00'),(57,11,1,'2017-10-01 00:00:00'),(58,10,1,'2017-10-01 00:00:00'),(59,2,1,'2017-10-01 00:00:00'),(60,20,1,'2017-10-01 00:00:00'),(61,17,1,'2017-10-01 00:00:00'),(62,7,1,'2017-10-01 00:00:00'),(63,22,1,'2017-10-01 00:00:00'),(64,5,1,'2017-10-01 00:00:00'),(65,14,1,'2017-10-01 00:00:00'),(66,8,1,'2017-10-01 00:00:00'),(67,8,1,'2017-10-01 00:00:00'),(68,19,1,'2017-10-01 00:00:00'),(69,9,1,'2017-10-01 00:00:00'),(70,11,1,'2017-10-01 00:00:00'),(71,15,1,'2017-10-02 00:00:00'),(72,17,1,'2017-10-02 00:00:00'),(73,11,1,'2017-10-02 00:00:00'),(74,21,1,'2017-10-02 00:00:00'),(75,3,1,'2017-10-02 00:00:00'),(76,3,1,'2017-10-02 00:00:00'),(77,4,1,'2017-10-02 00:00:00'),(78,9,1,'2017-10-02 00:00:00'),(79,25,1,'2017-10-02 00:00:00'),(80,14,1,'2017-10-02 00:00:00'),(81,2,1,'2017-10-02 00:00:00'),(82,1,1,'2017-10-02 00:00:00'),(83,1,1,'2017-10-02 00:00:00'),(84,12,1,'2017-10-02 00:00:00'),(85,14,1,'2017-10-02 00:00:00'),(86,6,1,'2017-10-02 00:00:00'),(87,16,1,'2017-10-02 00:00:00'),(88,24,1,'2017-10-02 00:00:00'),(89,25,1,'2017-10-02 00:00:00'),(90,1,1,'2017-10-02 00:00:00'),(91,20,1,'2017-10-02 00:00:00'),(92,6,1,'2017-10-02 00:00:00'),(93,10,1,'2017-10-02 00:00:00'),(94,5,1,'2017-10-02 00:00:00'),(95,18,1,'2017-10-02 00:00:00'),(96,11,1,'2017-10-02 00:00:00'),(97,19,1,'2017-10-02 00:00:00'),(98,7,1,'2017-10-02 00:00:00'),(99,20,1,'2017-10-02 00:00:00'),(100,19,1,'2017-10-02 00:00:00'),(101,7,1,'2017-10-02 00:00:00'),(102,16,1,'2017-10-02 00:00:00'),(103,10,1,'2017-10-02 00:00:00'),(104,5,1,'2017-10-02 00:00:00'),(105,12,1,'2017-10-02 00:00:00'),(106,23,1,'2017-10-02 00:00:00'),(107,13,1,'2017-10-02 00:00:00'),(108,16,1,'2017-10-02 00:00:00'),(109,21,1,'2017-10-02 00:00:00'),(110,17,1,'2017-10-02 00:00:00'),(111,11,1,'2017-10-02 00:00:00'),(112,7,1,'2017-10-02 00:00:00'),(113,5,1,'2017-10-02 00:00:00'),(114,18,1,'2017-10-02 00:00:00'),(115,25,1,'2017-10-02 00:00:00'),(116,4,1,'2017-10-02 00:00:00'),(117,15,1,'2017-10-02 00:00:00'),(118,20,1,'2017-10-02 00:00:00'),(119,16,1,'2017-10-02 00:00:00'),(120,16,1,'2017-10-02 00:00:00'),(121,19,1,'2017-10-02 00:00:00'),(122,1,1,'2017-10-02 00:00:00'),(123,4,1,'2017-10-02 00:00:00'),(124,17,1,'2017-10-02 00:00:00'),(125,20,1,'2017-10-02 00:00:00'),(126,21,1,'2017-10-02 00:00:00'),(127,22,1,'2017-10-02 00:00:00'),(128,9,1,'2017-10-02 00:00:00'),(129,14,1,'2017-10-02 00:00:00'),(130,20,1,'2017-10-02 00:00:00'),(131,7,1,'2017-10-02 00:00:00'),(132,21,1,'2017-10-02 00:00:00'),(133,14,1,'2017-10-02 00:00:00'),(134,16,1,'2017-10-02 00:00:00'),(135,3,1,'2017-10-02 00:00:00'),(136,23,1,'2017-10-02 00:00:00'),(137,12,1,'2017-10-02 00:00:00'),(138,9,1,'2017-10-02 00:00:00'),(139,7,1,'2017-10-02 00:00:00'),(140,20,1,'2017-10-02 00:00:00'),(141,6,1,'2017-10-03 00:00:00'),(142,19,1,'2017-10-03 00:00:00'),(143,7,1,'2017-10-03 00:00:00'),(144,3,1,'2017-10-03 00:00:00'),(145,20,1,'2017-10-03 00:00:00'),(146,2,1,'2017-10-03 00:00:00'),(147,23,1,'2017-10-03 00:00:00'),(148,15,1,'2017-10-03 00:00:00'),(149,9,1,'2017-10-03 00:00:00'),(150,23,1,'2017-10-03 00:00:00'),(151,9,1,'2017-10-03 00:00:00'),(152,19,1,'2017-10-03 00:00:00'),(153,18,1,'2017-10-03 00:00:00'),(154,9,1,'2017-10-03 00:00:00'),(155,14,1,'2017-10-03 00:00:00'),(156,7,1,'2017-10-03 00:00:00'),(157,10,1,'2017-10-03 00:00:00'),(158,13,1,'2017-10-03 00:00:00'),(159,13,1,'2017-10-03 00:00:00'),(160,20,1,'2017-10-03 00:00:00'),(161,17,1,'2017-10-03 00:00:00'),(162,16,1,'2017-10-03 00:00:00'),(163,3,1,'2017-10-03 00:00:00'),(164,7,1,'2017-10-03 00:00:00'),(165,9,1,'2017-10-03 00:00:00'),(166,22,1,'2017-10-03 00:00:00'),(167,20,1,'2017-10-03 00:00:00'),(168,15,1,'2017-10-03 00:00:00'),(169,21,1,'2017-10-03 00:00:00'),(170,1,1,'2017-10-03 00:00:00'),(171,22,1,'2017-10-03 00:00:00'),(172,3,1,'2017-10-03 00:00:00'),(173,25,1,'2017-10-03 00:00:00'),(174,18,1,'2017-10-03 00:00:00'),(175,23,1,'2017-10-03 00:00:00'),(176,7,1,'2017-10-03 00:00:00'),(177,24,1,'2017-10-03 00:00:00'),(178,9,1,'2017-10-03 00:00:00'),(179,18,1,'2017-10-03 00:00:00'),(180,20,1,'2017-10-03 00:00:00'),(181,23,1,'2017-10-03 00:00:00'),(182,20,1,'2017-10-03 00:00:00'),(183,21,1,'2017-10-03 00:00:00'),(184,9,1,'2017-10-03 00:00:00'),(185,1,1,'2017-10-03 00:00:00'),(186,6,1,'2017-10-03 00:00:00'),(187,14,1,'2017-10-03 00:00:00'),(188,10,1,'2017-10-03 00:00:00'),(189,8,1,'2017-10-03 00:00:00'),(190,16,1,'2017-10-03 00:00:00'),(191,20,1,'2017-10-03 00:00:00'),(192,20,1,'2017-10-03 00:00:00'),(193,1,1,'2017-10-03 00:00:00'),(194,8,1,'2017-10-03 00:00:00'),(195,1,1,'2017-10-03 00:00:00'),(196,1,1,'2017-10-03 00:00:00'),(197,15,1,'2017-10-03 00:00:00'),(198,1,1,'2017-10-03 00:00:00'),(199,11,1,'2017-10-03 00:00:00'),(200,3,1,'2017-10-03 00:00:00'),(201,24,1,'2017-10-03 00:00:00'),(202,21,1,'2017-10-03 00:00:00'),(203,7,1,'2017-10-03 00:00:00'),(204,14,1,'2017-10-03 00:00:00'),(205,15,1,'2017-10-03 00:00:00'),(206,21,1,'2017-10-03 00:00:00'),(207,2,1,'2017-10-03 00:00:00'),(208,8,1,'2017-10-03 00:00:00'),(209,12,1,'2017-10-03 00:00:00'),(210,20,1,'2017-10-03 00:00:00'),(211,7,1,'2017-10-04 00:00:00'),(212,22,1,'2017-10-04 00:00:00'),(213,17,1,'2017-10-04 00:00:00'),(214,23,1,'2017-10-04 00:00:00'),(215,20,1,'2017-10-04 00:00:00'),(216,9,1,'2017-10-04 00:00:00'),(217,17,1,'2017-10-04 00:00:00'),(218,3,1,'2017-10-04 00:00:00'),(219,9,1,'2017-10-04 00:00:00'),(220,21,1,'2017-10-04 00:00:00'),(221,13,1,'2017-10-04 00:00:00'),(222,2,1,'2017-10-04 00:00:00'),(223,12,1,'2017-10-04 00:00:00'),(224,2,1,'2017-10-04 00:00:00'),(225,23,1,'2017-10-04 00:00:00'),(226,1,1,'2017-10-04 00:00:00'),(227,15,1,'2017-10-04 00:00:00'),(228,21,1,'2017-10-04 00:00:00'),(229,15,1,'2017-10-04 00:00:00'),(230,2,1,'2017-10-04 00:00:00'),(231,21,1,'2017-10-04 00:00:00'),(232,15,1,'2017-10-04 00:00:00'),(233,3,1,'2017-10-04 00:00:00'),(234,7,1,'2017-10-04 00:00:00'),(235,20,1,'2017-10-04 00:00:00'),(236,22,1,'2017-10-04 00:00:00'),(237,19,1,'2017-10-04 00:00:00'),(238,6,1,'2017-10-04 00:00:00'),(239,2,1,'2017-10-04 00:00:00'),(240,2,1,'2017-10-04 00:00:00'),(241,3,1,'2017-10-04 00:00:00'),(242,3,1,'2017-10-04 00:00:00'),(243,7,1,'2017-10-04 00:00:00'),(244,5,1,'2017-10-04 00:00:00'),(245,7,1,'2017-10-04 00:00:00'),(246,5,1,'2017-10-04 00:00:00'),(247,23,1,'2017-10-04 00:00:00'),(248,14,1,'2017-10-04 00:00:00'),(249,8,1,'2017-10-04 00:00:00'),(250,5,1,'2017-10-04 00:00:00'),(251,9,1,'2017-10-04 00:00:00'),(252,14,1,'2017-10-04 00:00:00'),(253,22,1,'2017-10-04 00:00:00'),(254,24,1,'2017-10-04 00:00:00'),(255,16,1,'2017-10-04 00:00:00'),(256,2,1,'2017-10-04 00:00:00'),(257,6,1,'2017-10-04 00:00:00'),(258,9,1,'2017-10-04 00:00:00'),(259,4,1,'2017-10-04 00:00:00'),(260,2,1,'2017-10-04 00:00:00'),(261,9,1,'2017-10-04 00:00:00'),(262,9,1,'2017-10-04 00:00:00'),(263,14,1,'2017-10-04 00:00:00'),(264,23,1,'2017-10-04 00:00:00'),(265,23,1,'2017-10-04 00:00:00'),(266,8,1,'2017-10-04 00:00:00'),(267,18,1,'2017-10-04 00:00:00'),(268,22,1,'2017-10-04 00:00:00'),(269,24,1,'2017-10-04 00:00:00'),(270,13,1,'2017-10-04 00:00:00'),(271,25,1,'2017-10-04 00:00:00'),(272,22,1,'2017-10-04 00:00:00'),(273,2,1,'2017-10-04 00:00:00'),(274,23,1,'2017-10-04 00:00:00'),(275,2,1,'2017-10-04 00:00:00'),(276,16,1,'2017-10-04 00:00:00'),(277,7,1,'2017-10-04 00:00:00'),(278,24,1,'2017-10-04 00:00:00'),(279,24,1,'2017-10-04 00:00:00'),(280,19,1,'2017-10-04 00:00:00'),(281,3,1,'2017-10-05 00:00:00'),(282,11,1,'2017-10-05 00:00:00'),(283,11,1,'2017-10-05 00:00:00'),(284,24,1,'2017-10-05 00:00:00'),(285,16,1,'2017-10-05 00:00:00'),(286,17,1,'2017-10-05 00:00:00'),(287,10,1,'2017-10-05 00:00:00'),(288,4,1,'2017-10-05 00:00:00'),(289,25,1,'2017-10-05 00:00:00'),(290,3,1,'2017-10-05 00:00:00'),(291,9,1,'2017-10-05 00:00:00'),(292,15,1,'2017-10-05 00:00:00'),(293,22,1,'2017-10-05 00:00:00'),(294,4,1,'2017-10-05 00:00:00'),(295,14,1,'2017-10-05 00:00:00'),(296,16,1,'2017-10-05 00:00:00'),(297,4,1,'2017-10-05 00:00:00'),(298,21,1,'2017-10-05 00:00:00'),(299,22,1,'2017-10-05 00:00:00'),(300,9,1,'2017-10-05 00:00:00'),(301,25,1,'2017-10-05 00:00:00'),(302,2,1,'2017-10-05 00:00:00'),(303,2,1,'2017-10-05 00:00:00'),(304,22,1,'2017-10-05 00:00:00'),(305,11,1,'2017-10-05 00:00:00'),(306,11,1,'2017-10-05 00:00:00'),(307,21,1,'2017-10-05 00:00:00'),(308,22,1,'2017-10-05 00:00:00'),(309,2,1,'2017-10-05 00:00:00'),(310,21,1,'2017-10-05 00:00:00'),(311,3,1,'2017-10-05 00:00:00'),(312,24,1,'2017-10-05 00:00:00'),(313,24,1,'2017-10-05 00:00:00'),(314,15,1,'2017-10-05 00:00:00'),(315,1,1,'2017-10-05 00:00:00'),(316,6,1,'2017-10-05 00:00:00'),(317,1,1,'2017-10-05 00:00:00'),(318,15,1,'2017-10-05 00:00:00'),(319,25,1,'2017-10-05 00:00:00'),(320,7,1,'2017-10-05 00:00:00'),(321,24,1,'2017-10-05 00:00:00'),(322,16,1,'2017-10-05 00:00:00'),(323,20,1,'2017-10-05 00:00:00'),(324,6,1,'2017-10-05 00:00:00'),(325,4,1,'2017-10-05 00:00:00'),(326,5,1,'2017-10-05 00:00:00'),(327,5,1,'2017-10-05 00:00:00'),(328,13,1,'2017-10-05 00:00:00'),(329,6,1,'2017-10-05 00:00:00'),(330,9,1,'2017-10-05 00:00:00'),(331,5,1,'2017-10-05 00:00:00'),(332,14,1,'2017-10-05 00:00:00'),(333,18,1,'2017-10-05 00:00:00'),(334,14,1,'2017-10-05 00:00:00'),(335,4,1,'2017-10-05 00:00:00'),(336,16,1,'2017-10-05 00:00:00'),(337,14,1,'2017-10-05 00:00:00'),(338,16,1,'2017-10-05 00:00:00'),(339,9,1,'2017-10-05 00:00:00'),(340,19,1,'2017-10-05 00:00:00'),(341,13,1,'2017-10-05 00:00:00'),(342,22,1,'2017-10-05 00:00:00'),(343,14,1,'2017-10-05 00:00:00'),(344,13,1,'2017-10-05 00:00:00'),(345,16,1,'2017-10-05 00:00:00'),(346,24,1,'2017-10-05 00:00:00'),(347,10,1,'2017-10-05 00:00:00'),(348,7,1,'2017-10-05 00:00:00'),(349,9,1,'2017-10-05 00:00:00'),(350,20,1,'2017-10-05 00:00:00'),(351,16,1,'2017-10-06 00:00:00'),(352,12,1,'2017-10-06 00:00:00'),(353,19,1,'2017-10-06 00:00:00'),(354,11,1,'2017-10-06 00:00:00'),(355,13,1,'2017-10-06 00:00:00'),(356,5,1,'2017-10-06 00:00:00'),(357,7,1,'2017-10-06 00:00:00'),(358,18,1,'2017-10-06 00:00:00'),(359,9,1,'2017-10-06 00:00:00'),(360,10,1,'2017-10-06 00:00:00'),(361,15,1,'2017-10-06 00:00:00'),(362,19,1,'2017-10-06 00:00:00'),(363,22,1,'2017-10-06 00:00:00'),(364,13,1,'2017-10-06 00:00:00'),(365,1,1,'2017-10-06 00:00:00'),(366,5,1,'2017-10-06 00:00:00'),(367,5,1,'2017-10-06 00:00:00'),(368,13,1,'2017-10-06 00:00:00'),(369,25,1,'2017-10-06 00:00:00'),(370,2,1,'2017-10-06 00:00:00'),(371,12,1,'2017-10-06 00:00:00'),(372,6,1,'2017-10-06 00:00:00'),(373,4,1,'2017-10-06 00:00:00'),(374,14,1,'2017-10-06 00:00:00'),(375,18,1,'2017-10-06 00:00:00'),(376,14,1,'2017-10-06 00:00:00'),(377,18,1,'2017-10-06 00:00:00'),(378,15,1,'2017-10-06 00:00:00'),(379,2,1,'2017-10-06 00:00:00'),(380,20,1,'2017-10-06 00:00:00'),(381,22,1,'2017-10-06 00:00:00'),(382,3,1,'2017-10-06 00:00:00'),(383,7,1,'2017-10-06 00:00:00'),(384,1,1,'2017-10-06 00:00:00'),(385,4,1,'2017-10-06 00:00:00'),(386,13,1,'2017-10-06 00:00:00'),(387,14,1,'2017-10-06 00:00:00'),(388,16,1,'2017-10-06 00:00:00'),(389,7,1,'2017-10-06 00:00:00'),(390,19,1,'2017-10-06 00:00:00'),(391,15,1,'2017-10-06 00:00:00'),(392,9,1,'2017-10-06 00:00:00'),(393,8,1,'2017-10-06 00:00:00'),(394,5,1,'2017-10-06 00:00:00'),(395,25,1,'2017-10-06 00:00:00'),(396,23,1,'2017-10-06 00:00:00'),(397,4,1,'2017-10-06 00:00:00'),(398,4,1,'2017-10-06 00:00:00'),(399,16,1,'2017-10-06 00:00:00'),(400,22,1,'2017-10-06 00:00:00'),(401,6,1,'2017-10-06 00:00:00'),(402,4,1,'2017-10-06 00:00:00'),(403,6,1,'2017-10-06 00:00:00'),(404,2,1,'2017-10-06 00:00:00'),(405,19,1,'2017-10-06 00:00:00'),(406,3,1,'2017-10-06 00:00:00'),(407,25,1,'2017-10-06 00:00:00'),(408,9,1,'2017-10-06 00:00:00'),(409,3,1,'2017-10-06 00:00:00'),(410,2,1,'2017-10-06 00:00:00'),(411,6,1,'2017-10-06 00:00:00'),(412,2,1,'2017-10-06 00:00:00'),(413,12,1,'2017-10-06 00:00:00'),(414,7,1,'2017-10-06 00:00:00'),(415,22,1,'2017-10-06 00:00:00'),(416,10,1,'2017-10-06 00:00:00'),(417,13,1,'2017-10-06 00:00:00'),(418,19,1,'2017-10-06 00:00:00'),(419,20,1,'2017-10-06 00:00:00'),(420,16,1,'2017-10-06 00:00:00'),(421,5,1,'2017-10-07 00:00:00'),(422,1,1,'2017-10-07 00:00:00'),(423,23,1,'2017-10-07 00:00:00'),(424,22,1,'2017-10-07 00:00:00'),(425,18,1,'2017-10-07 00:00:00'),(426,12,1,'2017-10-07 00:00:00'),(427,18,1,'2017-10-07 00:00:00'),(428,14,1,'2017-10-07 00:00:00'),(429,22,1,'2017-10-07 00:00:00'),(430,14,1,'2017-10-07 00:00:00'),(431,10,1,'2017-10-07 00:00:00'),(432,4,1,'2017-10-07 00:00:00'),(433,22,1,'2017-10-07 00:00:00'),(434,14,1,'2017-10-07 00:00:00'),(435,6,1,'2017-10-07 00:00:00'),(436,7,1,'2017-10-07 00:00:00'),(437,22,1,'2017-10-07 00:00:00'),(438,21,1,'2017-10-07 00:00:00'),(439,24,1,'2017-10-07 00:00:00'),(440,17,1,'2017-10-07 00:00:00'),(441,17,1,'2017-10-07 00:00:00'),(442,22,1,'2017-10-07 00:00:00'),(443,1,1,'2017-10-07 00:00:00'),(444,19,1,'2017-10-07 00:00:00'),(445,11,1,'2017-10-07 00:00:00'),(446,5,1,'2017-10-07 00:00:00'),(447,3,1,'2017-10-07 00:00:00'),(448,21,1,'2017-10-07 00:00:00'),(449,5,1,'2017-10-07 00:00:00'),(450,18,1,'2017-10-07 00:00:00'),(451,1,1,'2017-10-07 00:00:00'),(452,25,1,'2017-10-07 00:00:00'),(453,10,1,'2017-10-07 00:00:00'),(454,13,1,'2017-10-07 00:00:00'),(455,18,1,'2017-10-07 00:00:00'),(456,12,1,'2017-10-07 00:00:00'),(457,22,1,'2017-10-07 00:00:00'),(458,22,1,'2017-10-07 00:00:00'),(459,13,1,'2017-10-07 00:00:00'),(460,13,1,'2017-10-07 00:00:00'),(461,1,1,'2017-10-07 00:00:00'),(462,5,1,'2017-10-07 00:00:00'),(463,21,1,'2017-10-07 00:00:00'),(464,6,1,'2017-10-07 00:00:00'),(465,8,1,'2017-10-07 00:00:00'),(466,4,1,'2017-10-07 00:00:00'),(467,14,1,'2017-10-07 00:00:00'),(468,15,1,'2017-10-07 00:00:00'),(469,25,1,'2017-10-07 00:00:00'),(470,12,1,'2017-10-07 00:00:00'),(471,8,1,'2017-10-07 00:00:00'),(472,22,1,'2017-10-07 00:00:00'),(473,2,1,'2017-10-07 00:00:00'),(474,22,1,'2017-10-07 00:00:00'),(475,16,1,'2017-10-07 00:00:00'),(476,20,1,'2017-10-07 00:00:00'),(477,11,1,'2017-10-07 00:00:00'),(478,2,1,'2017-10-07 00:00:00'),(479,19,1,'2017-10-07 00:00:00'),(480,18,1,'2017-10-07 00:00:00'),(481,9,1,'2017-10-07 00:00:00'),(482,20,1,'2017-10-07 00:00:00'),(483,3,1,'2017-10-07 00:00:00'),(484,6,1,'2017-10-07 00:00:00'),(485,11,1,'2017-10-07 00:00:00'),(486,13,1,'2017-10-07 00:00:00'),(487,4,1,'2017-10-07 00:00:00'),(488,18,1,'2017-10-07 00:00:00'),(489,2,1,'2017-10-07 00:00:00'),(490,8,1,'2017-10-07 00:00:00'),(491,2,1,'2017-10-07 00:00:00'),(492,19,1,'2017-10-07 00:00:00'),(493,4,1,'2017-10-07 00:00:00'),(494,18,1,'2017-10-07 00:00:00'),(495,22,1,'2017-10-07 00:00:00'),(496,8,1,'2017-10-07 00:00:00'),(497,23,1,'2017-10-07 00:00:00'),(498,12,1,'2017-10-07 00:00:00'),(499,3,1,'2017-10-07 00:00:00'),(500,3,1,'2017-10-07 00:00:00');
/*!40000 ALTER TABLE `transaction` ENABLE KEYS */;
UNLOCK TABLES;

--
-- Table structure for table `transactionstatus`
--

DROP TABLE IF EXISTS `transactionstatus`;
/*!40101 SET @saved_cs_client     = @@character_set_client */;
/*!40101 SET character_set_client = utf8 */;
CREATE TABLE `transactionstatus` (
  `ID` int(10) unsigned NOT NULL,
  `Description` varchar(45) DEFAULT NULL,
  PRIMARY KEY (`ID`),
  UNIQUE KEY `ID_UNIQUE` (`ID`)
) ENGINE=InnoDB DEFAULT CHARSET=utf8;
/*!40101 SET character_set_client = @saved_cs_client */;

--
-- Dumping data for table `transactionstatus`
--

LOCK TABLES `transactionstatus` WRITE;
/*!40000 ALTER TABLE `transactionstatus` DISABLE KEYS */;
INSERT INTO `transactionstatus` VALUES (1,'Good');
/*!40000 ALTER TABLE `transactionstatus` ENABLE KEYS */;
UNLOCK TABLES;
/*!40103 SET TIME_ZONE=@OLD_TIME_ZONE */;

/*!40101 SET SQL_MODE=@OLD_SQL_MODE */;
/*!40014 SET FOREIGN_KEY_CHECKS=@OLD_FOREIGN_KEY_CHECKS */;
/*!40014 SET UNIQUE_CHECKS=@OLD_UNIQUE_CHECKS */;
/*!40101 SET CHARACTER_SET_CLIENT=@OLD_CHARACTER_SET_CLIENT */;
/*!40101 SET CHARACTER_SET_RESULTS=@OLD_CHARACTER_SET_RESULTS */;
/*!40101 SET COLLATION_CONNECTION=@OLD_COLLATION_CONNECTION */;
/*!40111 SET SQL_NOTES=@OLD_SQL_NOTES */;

-- Dump completed on 2017-10-07 20:22:22
